ticker,signal_time,watchlist_source,signal_score,confidence_score,effective_score,conviction_score,conviction_band,normalized_allocation,price_at_signal,prediction_intent,data_mode,degraded_mode,regime_label,regime_confidence,regime_data_quality,theme_alignment_score,theme_top_name,theme_type,portfolio_fit_score,portfolio_fit_label,final_rank_score,augmented_signal_score,outcome_return_1d,outcome_success_1d,direction_correct_1d,outcome_price_1d,evaluated_at_1d,outcome_return_3d,outcome_success_3d,direction_correct_3d,outcome_price_3d,evaluated_at_3d,outcome_return_7d,outcome_success_7d,direction_correct_7d,outcome_price_7d,evaluated_at_7d
XLE,2026-04-27T16:09:28.237311,static,0.0146,0.8125,0.012,,,,56.87,up,live,0,neutral,0.0,limited,0.0,,,0.5677,good,0.3225,0.0146,,,,,,,,,,,,,,,
SPY,2026-04-27T16:09:28.237311,static,0.0951,0.8125,0.077,,,,713.94,up,live,0,neutral,0.0,limited,0.0,,,0.5797,good,0.3571,0.0951,,,,,,,,,,,,,,,
XLF,2026-04-27T16:09:28.237311,static,0.0983,0.8125,0.08,,,,51.42,up,live,0,neutral,0.0,limited,0.0,,,0.5723,good,0.3569,0.0983,,,,,,,,,,,,,,,
IWM,2026-04-27T16:09:28.237311,static,0.0858,0.835,0.072,,,,276.65,up,live,0,neutral,0.0,limited,0.0,,,0.5825,good,0.3596,0.0858,,,,,,,,,,,,,,,
QQQ,2026-04-27T16:09:28.237311,static,0.1278,0.8125,0.104,,,,663.88,up,live,0,neutral,0.0,limited,0.0,,,0.5814,good,0.3705,0.1278,,,,,,,,,,,,,,,
XLK,2026-04-27T16:09:28.237311,static,0.1538,0.835,0.128,,,,160.22,up,live,0,neutral,0.0,limited,0.0,,,0.5856,good,0.3874,0.1538,,,,,,,,,,,,,,,
MARA,2026-04-27T16:09:28.237311,static,0.1677,0.8875,0.149,,,,11.64,up,live,0,neutral,0.0,limited,0.0,,,0.6379,good,0.4165,0.1677,,,,,,,,,,,,,,,
TSLA,2026-04-27T16:09:28.237311,static,0.1838,0.8875,0.163,,,,376.3,up,live,0,neutral,0.0,limited,0.0,,,0.6801,good,0.4314,0.1838,,,,,,,,,,,,,,,
RIOT,2026-04-27T16:09:28.237311,static,0.1986,0.8875,0.176,,,,18.61,up,live,0,neutral,0.0,limited,0.0,,,0.6309,good,0.4275,0.1986,,,,,,,,,,,,,,,
PLTR,2026-04-27T16:09:28.237311,static,0.2191,0.8875,0.194,,,,143.09,up,live,0,neutral,0.0,limited,0.0,,,0.6136,good,0.4322,0.2191,,,,,,,,,,,,,,,
COIN,2026-04-27T16:09:28.237311,static,0.2291,0.8875,0.203,,,,199.77,up,live,0,neutral,0.0,limited,0.0,,,0.6384,good,0.4412,0.2291,,,,,,,,,,,,,,,
AVGO,2026-04-27T16:09:28.237311,static,0.2685,0.8875,0.238,,,,422.76,up,live,0,neutral,0.0,limited,0.0,,,0.6169,good,0.4527,0.2685,,,,,,,,,,,,,,,
AAPL,2026-04-27T16:09:28.237311,static,0.2853,0.8875,0.253,,,,271.06,up,live,0,neutral,0.0,limited,0.0,,,0.6161,good,0.4592,0.2853,,,,,,,,,,,,,,,
GOOGL,2026-04-27T16:09:28.237311,static,0.314,0.8875,0.279,,,,344.4,up,live,0,neutral,0.0,limited,0.0,,,0.6666,good,0.4808,0.314,,,,,,,,,,,,,,,
META,2026-04-27T16:09:28.237311,static,0.3263,0.8875,0.29,,,,675.03,up,live,0,neutral,0.0,limited,0.0,,,0.6606,good,0.4845,0.3263,,,,,,,,,,,,,,,
MSFT,2026-04-27T16:09:28.237311,static,0.3346,0.8875,0.297,,,,424.62,up,live,0,neutral,0.0,limited,0.0,,,0.6184,good,0.4794,0.3346,,,,,,,,,,,,,,,
NASA,2026-04-27T16:09:28.237311,static,0.0859,0.8125,0.07,,,,29.49,up,live,0,neutral,0.0,limited,0.0,,,0.581,good,0.3537,0.0859,,,,,,,,,,,,,,,
SMCI,2026-04-27T16:09:28.237311,static,0.3032,0.8875,0.269,,,,29.08,up,live,0,neutral,0.0,limited,0.0,,,0.5932,good,0.4618,0.3032,,,,,,,,,,,,,,,
AMD,2026-04-27T16:09:28.237311,static,0.4148,0.8875,0.368,,,,347.81,up,live,0,neutral,0.0,limited,0.0,,,0.5978,good,0.5074,0.4148,,,,,,,,,,,,,,,
AMZN,2026-04-27T16:09:28.237311,static,0.3216,0.8875,0.285,,,,263.99,up,live,0,neutral,0.0,limited,0.0,,,0.6598,good,0.4825,0.3216,,,,,,,,,,,,,,,
NVDA,2026-04-27T16:09:28.237311,static,0.3822,0.8875,0.339,,,,208.27,up,live,0,neutral,0.0,limited,0.0,,,0.5961,good,0.494,0.3822,,,,,,,,,,,,,,,
XLE,2026-04-27T07:31:15.184263,static,0.0146,0.8125,0.012,,,,56.87,up,live,0,neutral,0.0,limited,,,,,,,,,,,,,,,,,,,,,,
SPY,2026-04-27T07:31:15.184263,static,0.0951,0.8125,0.077,,,,713.94,up,live,0,neutral,0.0,limited,,,,,,,,,,,,,,,,,,,,,,
XLF,2026-04-27T07:31:15.184263,static,0.0983,0.8125,0.08,,,,51.42,up,live,0,neutral,0.0,limited,,,,,,,,,,,,,,,,,,,,,,
IWM,2026-04-27T07:31:15.184263,static,0.0858,0.85,0.073,,,,276.65,up,live,0,neutral,0.0,limited,,,,,,,,,,,,,,,,,,,,,,
QQQ,2026-04-27T07:31:15.184263,static,0.1278,0.8125,0.104,,,,663.88,up,live,0,neutral,0.0,limited,,,,,,,,,,,,,,,,,,,,,,
XLK,2026-04-27T07:31:15.184263,static,0.1538,0.85,0.131,,,,160.22,up,live,0,neutral,0.0,limited,,,,,,,,,,,,,,,,,,,,,,
MARA,2026-04-27T07:31:15.184263,static,0.1677,0.8875,0.149,,,,11.64,up,live,0,neutral,0.0,limited,,,,,,,,,,,,,,,,,,,,,,
TSLA,2026-04-27T07:31:15.184263,static,0.1838,0.8875,0.163,,,,376.3,up,live,0,neutral,0.0,limited,,,,,,,,,,,,,,,,,,,,,,
RIOT,2026-04-27T07:31:15.184263,static,0.1986,0.8875,0.176,,,,18.61,up,live,0,neutral,0.0,limited,,,,,,,,,,,,,,,,,,,,,,
PLTR,2026-04-27T07:31:15.184263,static,0.2191,0.8875,0.194,,,,143.09,up,live,0,neutral,0.0,limited,,,,,,,,,,,,,,,,,,,,,,
COIN,2026-04-27T07:31:15.184263,static,0.2291,0.8875,0.203,,,,199.77,up,live,0,neutral,0.0,limited,,,,,,,,,,,,,,,,,,,,,,
AVGO,2026-04-27T07:31:15.184263,static,0.2685,0.8875,0.238,,,,422.76,up,live,0,neutral,0.0,limited,,,,,,,,,,,,,,,,,,,,,,
AAPL,2026-04-27T07:31:15.184263,static,0.2853,0.8875,0.253,,,,271.06,up,live,0,neutral,0.0,limited,,,,,,,,,,,,,,,,,,,,,,
GOOGL,2026-04-27T07:31:15.184263,static,0.314,0.8875,0.279,,,,344.4,up,live,0,neutral,0.0,limited,,,,,,,,,,,,,,,,,,,,,,
META,2026-04-27T07:31:15.184263,static,0.3263,0.8875,0.29,,,,675.03,up,live,0,neutral,0.0,limited,,,,,,,,,,,,,,,,,,,,,,
MSFT,2026-04-27T07:31:15.184263,static,0.3346,0.8875,0.297,,,,424.62,up,live,0,neutral,0.0,limited,,,,,,,,,,,,,,,,,,,,,,
SMCI,2026-04-27T07:31:15.184263,static,0.3032,0.8875,0.269,,,,29.08,up,live,0,neutral,0.0,limited,,,,,,,,,,,,,,,,,,,,,,
AMD,2026-04-27T07:31:15.184263,static,0.4148,0.8875,0.368,,,,347.81,up,live,0,neutral,0.0,limited,,,,,,,,,,,,,,,,,,,,,,
AMZN,2026-04-27T07:31:15.184263,static,0.3216,0.8875,0.285,,,,263.99,up,live,0,neutral,0.0,limited,,,,,,,,,,,,,,,,,,,,,,
NVDA,2026-04-27T07:31:15.184263,static,0.3822,0.8875,0.339,,,,208.27,up,live,0,neutral,0.0,limited,,,,,,,,,,,,,,,,,,,,,,
NASA,2026-04-27T07:31:15.184263,static,0.0859,0.8125,0.07,,,,29.49,up,live,0,neutral,0.0,limited,,,,,,,,,,,,,,,,,,,,,,
XLE,2026-04-26T09:40:38.797335,static,0.0352,0.8125,0.029,,,,55.87,up,live,0,neutral,0.0,limited,,,,,,,,,,,,,,,,,,,,,,
NASA,2026-04-26T09:40:38.797335,static,0.0681,0.8125,0.055,,,,29.14,up,live,0,neutral,0.0,limited,,,,,,,,,,,,,,,,,,,,,,
XLF,2026-04-26T09:40:38.797335,static,0.0931,0.8125,0.076,,,,52.3,up,live,0,neutral,0.0,limited,,,,,,,,,,,,,,,,,,,,,,
SPY,2026-04-26T09:40:38.797335,static,0.0951,0.8125,0.077,,,,713.94,up,live,0,neutral,0.0,limited,,,,,,,,,,,,,,,,,,,,,,
QQQ,2026-04-26T09:40:38.797335,static,0.1278,0.8125,0.104,,,,663.88,up,live,0,neutral,0.0,limited,,,,,,,,,,,,,,,,,,,,,,
IWM,2026-04-26T09:40:38.797335,static,0.1247,0.85,0.106,,,,265.07,up,live,0,neutral,0.0,limited,,,,,,,,,,,,,,,,,,,,,,
XLK,2026-04-26T09:40:38.797335,static,0.1448,0.85,0.123,,,,145.61,up,live,0,neutral,0.0,limited,,,,,,,,,,,,,,,,,,,,,,
MARA,2026-04-26T09:40:38.797335,static,0.1677,0.8875,0.149,,,,11.64,up,live,0,neutral,0.0,limited,,,,,,,,,,,,,,,,,,,,,,
TSLA,2026-04-26T09:40:38.797335,static,0.1838,0.8875,0.163,,,,376.3,up,live,0,neutral,0.0,limited,,,,,,,,,,,,,,,,,,,,,,
RIOT,2026-04-26T09:40:38.797335,static,0.1986,0.8875,0.176,,,,18.61,up,live,0,neutral,0.0,limited,,,,,,,,,,,,,,,,,,,,,,
PLTR,2026-04-26T09:40:38.797335,static,0.2191,0.8875,0.194,,,,143.09,up,live,0,neutral,0.0,limited,,,,,,,,,,,,,,,,,,,,,,
COIN,2026-04-26T09:40:38.797335,static,0.2291,0.8875,0.203,,,,199.77,up,live,0,neutral,0.0,limited,,,,,,,,,,,,,,,,,,,,,,
AVGO,2026-04-26T09:40:38.797335,static,0.2685,0.8875,0.238,,,,422.76,up,live,0,neutral,0.0,limited,,,,,,,,,,,,,,,,,,,,,,
AAPL,2026-04-26T09:40:38.797335,static,0.2853,0.8875,0.253,,,,271.06,up,live,0,neutral,0.0,limited,,,,,,,,,,,,,,,,,,,,,,
GOOGL,2026-04-26T09:40:38.797335,static,0.314,0.8875,0.279,,,,344.4,up,live,0,neutral,0.0,limited,,,,,,,,,,,,,,,,,,,,,,
META,2026-04-26T09:40:38.797335,static,0.3263,0.8875,0.29,,,,675.03,up,live,0,neutral,0.0,limited,,,,,,,,,,,,,,,,,,,,,,
MSFT,2026-04-26T09:40:38.797335,static,0.3346,0.8875,0.297,,,,424.62,up,live,0,neutral,0.0,limited,,,,,,,,,,,,,,,,,,,,,,
SMCI,2026-04-26T09:40:38.797335,static,0.3032,0.8875,0.269,,,,29.08,up,live,0,neutral,0.0,limited,,,,,,,,,,,,,,,,,,,,,,
AMD,2026-04-26T09:40:38.797335,static,0.4148,0.8875,0.368,,,,347.81,up,live,0,neutral,0.0,limited,,,,,,,,,,,,,,,,,,,,,,
AMZN,2026-04-26T09:40:38.797335,static,0.3216,0.8875,0.285,,,,263.99,up,live,0,neutral,0.0,limited,,,,,,,,,,,,,,,,,,,,,,
NVDA,2026-04-26T09:40:38.797335,static,0.3822,0.8875,0.339,,,,208.27,up,live,0,neutral,0.0,limited,,,,,,,,,,,,,,,,,,,,,,
XLE,2026-04-23T09:40:30.786885,static,0.0352,0.85,0.03,,,,55.87,up,live,0,neutral,0.0,limited,,,,,,,,1.79,1,1,56.87,2026-04-24T00:00:00,,,,,,,,,,
NASA,2026-04-23T09:40:30.786885,static,0.0681,0.835,0.057,,,,29.14,up,live,0,neutral,0.0,limited,,,,,,,,1.2,1,1,29.49,2026-04-24T00:00:00,,,,,,,,,,
QQQ,2026-04-23T09:40:30.786885,static,0.0916,0.85,0.078,,,,644.33,up,live,0,neutral,0.0,limited,,,,,,,,3.03,1,1,663.88,2026-04-24T00:00:00,,,,,,,,,,
XLF,2026-04-23T09:40:30.786885,static,0.0931,0.85,0.079,,,,52.3,up,live,0,neutral,0.0,limited,,,,,,,,-1.68,0,0,51.42,2026-04-24T00:00:00,,,,,,,,,,
SPY,2026-04-23T09:40:30.786885,static,0.0948,0.85,0.081,,,,704.08,up,live,0,neutral,0.0,limited,,,,,,,,1.4,1,1,713.94,2026-04-24T00:00:00,,,,,,,,,,
IWM,2026-04-23T09:40:30.786885,static,0.1247,0.8125,0.101,,,,265.07,up,live,0,neutral,0.0,limited,,,,,,,,4.37,1,1,276.65,2026-04-24T00:00:00,,,,,,,,,,
XLK,2026-04-23T09:40:30.786885,static,0.1448,0.8125,0.118,,,,145.61,up,live,0,neutral,0.0,limited,,,,,,,,10.03,1,1,160.22,2026-04-24T00:00:00,,,,,,,,,,
TSLA,2026-04-23T09:40:30.786885,static,0.2045,0.925,0.189,,,,386.42,up,live,0,neutral,0.0,limited,,,,,,,,-2.62,0,0,376.3,2026-04-24T00:00:00,,,,,,,,,,
SMCI,2026-04-23T09:40:30.786885,static,0.223,0.925,0.206,,,,28.43,up,live,0,neutral,0.0,limited,,,,,,,,2.29,1,1,29.08,2026-04-24T00:00:00,,,,,,,,,,
AMZN,2026-04-23T09:40:30.786885,static,0.2387,0.925,0.221,,,,249.91,up,live,0,neutral,0.0,limited,,,,,,,,5.63,1,1,263.99,2026-04-24T00:00:00,,,,,,,,,,
PLTR,2026-04-23T09:40:30.786885,static,0.248,0.925,0.229,,,,145.97,up,live,0,neutral,0.0,limited,,,,,,,,-1.97,0,0,143.09,2026-04-24T00:00:00,,,,,,,,,,
AVGO,2026-04-23T09:40:30.786885,static,0.2727,0.925,0.252,,,,402.17,up,live,0,neutral,0.0,limited,,,,,,,,5.12,1,1,422.76,2026-04-24T00:00:00,,,,,,,,,,
META,2026-04-23T09:40:30.786885,static,0.2729,0.925,0.252,,,,668.84,up,live,0,neutral,0.0,limited,,,,,,,,0.93,1,1,675.03,2026-04-24T00:00:00,,,,,,,,,,
NVDA,2026-04-23T09:40:30.786885,static,0.2998,0.925,0.277,,,,199.88,up,live,0,neutral,0.0,limited,,,,,,,,4.2,1,1,208.27,2026-04-24T00:00:00,,,,,,,,,,
GOOGL,2026-04-23T09:40:30.786885,static,0.3095,0.925,0.286,,,,332.29,up,live,0,neutral,0.0,limited,,,,,,,,3.64,1,1,344.4,2026-04-24T00:00:00,,,,,,,,,,
AAPL,2026-04-23T09:40:30.786885,static,0.3325,0.925,0.308,,,,266.17,up,live,0,neutral,0.0,limited,,,,,,,,1.84,1,1,271.06,2026-04-24T00:00:00,,,,,,,,,,
MSFT,2026-04-23T09:40:30.786885,static,0.3409,0.925,0.315,,,,424.16,up,live,0,neutral,0.0,limited,,,,,,,,0.11,1,1,424.62,2026-04-24T00:00:00,,,,,,,,,,
MARA,2026-04-23T09:40:30.786885,static,0.2377,0.925,0.22,,,,11.23,up,live,0,neutral,0.0,limited,,,,,,,,3.65,1,1,11.64,2026-04-24T00:00:00,,,,,,,,,,
RIOT,2026-04-23T09:40:30.786885,static,0.2422,0.925,0.224,,,,17.41,up,live,0,neutral,0.0,limited,,,,,,,,6.89,1,1,18.61,2026-04-24T00:00:00,,,,,,,,,,
AMD,2026-04-23T09:40:30.786885,static,0.3031,0.925,0.28,,,,284.49,up,live,0,neutral,0.0,limited,,,,,,,,22.26,1,1,347.81,2026-04-24T00:00:00,,,,,,,,,,
COIN,2026-04-23T09:40:30.786885,static,0.336,0.925,0.311,,,,195.95,up,live,0,neutral,0.0,limited,,,,,,,,1.95,1,1,199.77,2026-04-24T00:00:00,,,,,,,,,,
XLE,2026-04-22T09:40:38.132656,static,0.0352,0.8125,0.029,,,,55.87,up,live,0,neutral,0.0,limited,,,,,,,,1.99,1,1,56.98,2026-04-23T00:00:00,,,,,,,,,,
NASA,2026-04-22T09:40:38.132656,static,0.0681,0.835,0.057,,,,29.14,up,live,0,neutral,0.0,limited,,,,,,,,4.36,1,1,30.41,2026-04-23T00:00:00,,,,,,,,,,
QQQ,2026-04-22T09:40:38.132656,static,0.0916,0.8125,0.074,,,,644.33,up,live,0,neutral,0.0,limited,,,,,,,,1.1,1,1,651.42,2026-04-23T00:00:00,,,,,,,,,,
XLF,2026-04-22T09:40:38.132656,static,0.0931,0.8125,0.076,,,,52.3,up,live,0,neutral,0.0,limited,,,,,,,,-0.96,0,0,51.8,2026-04-23T00:00:00,,,,,,,,,,
SPY,2026-04-22T09:40:38.132656,static,0.0948,0.8125,0.077,,,,704.08,up,live,0,neutral,0.0,limited,,,,,,,,0.62,1,1,708.45,2026-04-23T00:00:00,,,,,,,,,,
IWM,2026-04-22T09:40:38.132656,static,0.1247,0.8125,0.101,,,,265.07,up,live,0,neutral,0.0,limited,,,,,,,,3.94,1,1,275.52,2026-04-23T00:00:00,,,,,,,,,,
XLK,2026-04-22T09:40:38.132656,static,0.1448,0.8125,0.118,,,,145.61,up,live,0,neutral,0.0,limited,,,,,,,,7.03,1,1,155.84,2026-04-23T00:00:00,,,,,,,,,,
TSLA,2026-04-22T09:40:38.132656,static,0.2046,0.8875,0.182,,,,386.42,up,live,0,neutral,0.0,limited,,,,,,,,-3.29,0,0,373.72,2026-04-23T00:00:00,,,,,,,,,,
SMCI,2026-04-22T09:40:38.132656,static,0.2224,0.8875,0.197,,,,28.43,up,live,0,neutral,0.0,limited,,,,,,,,-5.91,0,0,26.75,2026-04-23T00:00:00,,,,,,,,,,
PLTR,2026-04-22T09:40:38.132656,static,0.2474,0.8875,0.22,,,,145.97,up,live,0,neutral,0.0,limited,,,,,,,,-3.01,0,0,141.57,2026-04-23T00:00:00,,,,,,,,,,
AMZN,2026-04-22T09:40:38.132656,static,0.2535,0.8875,0.225,,,,249.91,up,live,0,neutral,0.0,limited,,,,,,,,2.07,1,1,255.08,2026-04-23T00:00:00,,,,,,,,,,
META,2026-04-22T09:40:38.132656,static,0.2728,0.8875,0.242,,,,668.84,up,live,0,neutral,0.0,limited,,,,,,,,-1.45,0,0,659.15,2026-04-23T00:00:00,,,,,,,,,,
AVGO,2026-04-22T09:40:38.132656,static,0.2796,0.8875,0.248,,,,402.17,up,live,0,neutral,0.0,limited,,,,,,,,4.42,1,1,419.94,2026-04-23T00:00:00,,,,,,,,,,
NVDA,2026-04-22T09:40:38.132656,static,0.2998,0.8875,0.266,,,,199.88,up,live,0,neutral,0.0,limited,,,,,,,,-0.12,0,0,199.64,2026-04-23T00:00:00,,,,,,,,,,
GOOGL,2026-04-22T09:40:38.132656,static,0.3095,0.8875,0.275,,,,332.29,up,live,0,neutral,0.0,limited,,,,,,,,1.99,1,1,338.89,2026-04-23T00:00:00,,,,,,,,,,
AAPL,2026-04-22T09:40:38.132656,static,0.3325,0.8875,0.295,,,,266.17,up,live,0,neutral,0.0,limited,,,,,,,,2.73,1,1,273.43,2026-04-23T00:00:00,,,,,,,,,,
MSFT,2026-04-22T09:40:38.132656,static,0.3406,0.8875,0.302,,,,424.16,up,live,0,neutral,0.0,limited,,,,,,,,-1.98,0,0,415.75,2026-04-23T00:00:00,,,,,,,,,,
COIN,2026-04-22T09:40:38.132656,static,0.3345,0.8875,0.297,,,,195.95,up,live,0,neutral,0.0,limited,,,,,,,,1.01,1,1,197.93,2026-04-23T00:00:00,,,,,,,,,,
MARA,2026-04-22T09:40:38.132656,static,0.2366,0.8875,0.21,,,,11.23,up,live,0,neutral,0.0,limited,,,,,,,,5.08,1,1,11.8,2026-04-23T00:00:00,,,,,,,,,,
RIOT,2026-04-22T09:40:38.132656,static,0.2426,0.8875,0.215,,,,17.41,up,live,0,neutral,0.0,limited,,,,,,,,4.6,1,1,18.21,2026-04-23T00:00:00,,,,,,,,,,
AMD,2026-04-22T09:40:38.132656,static,0.3015,0.8875,0.268,,,,284.49,up,live,0,neutral,0.0,limited,,,,,,,,7.33,1,1,305.33,2026-04-23T00:00:00,,,,,,,,,,
XLE,2026-04-21T07:59:00.773862,static,0.0129,0.8125,0.01,,,,55.07,up,live,0,neutral,0.0,limited,,,,,,,,2.67,1,1,56.54,2026-04-22T00:00:00,3.27,1,1,56.87,2026-04-24T00:00:00,,,,,
SPY,2026-04-21T07:59:00.773862,static,0.0897,0.8125,0.073,,,,708.72,up,live,0,neutral,0.0,limited,,,,,,,,0.35,1,1,711.21,2026-04-22T00:00:00,0.74,1,1,713.94,2026-04-24T00:00:00,,,,,
NASA,2026-04-21T07:59:00.773862,static,0.0681,0.85,0.058,,,,29.14,up,live,0,neutral,0.0,limited,,,,,,,,8.41,1,1,31.59,2026-04-22T00:00:00,1.2,1,1,29.49,2026-04-24T00:00:00,,,,,
QQQ,2026-04-21T07:59:00.773862,static,0.097,0.8125,0.079,,,,646.79,up,live,0,neutral,0.0,limited,,,,,,,,1.29,1,1,655.11,2026-04-22T00:00:00,2.64,1,1,663.88,2026-04-24T00:00:00,,,,,
XLF,2026-04-21T07:59:00.773862,static,0.1033,0.8125,0.084,,,,52.43,up,live,0,neutral,0.0,limited,,,,,,,,-0.42,0,0,52.21,2026-04-22T00:00:00,-1.93,0,0,51.42,2026-04-24T00:00:00,,,,,
IWM,2026-04-21T07:59:00.773862,static,0.1247,0.8125,0.101,,,,265.07,up,live,0,neutral,0.0,limited,,,,,,,,4.3,1,1,276.48,2026-04-22T00:00:00,4.37,1,1,276.65,2026-04-24T00:00:00,,,,,
XLK,2026-04-21T07:59:00.773862,static,0.1448,0.8125,0.118,,,,145.61,up,live,0,neutral,0.0,limited,,,,,,,,8.57,1,1,158.09,2026-04-22T00:00:00,10.03,1,1,160.22,2026-04-24T00:00:00,,,,,
RIOT,2026-04-21T07:59:00.773862,static,0.1507,0.8875,0.134,,,,18.11,up,live,0,neutral,0.0,limited,,,,,,,,2.04,1,1,18.48,2026-04-22T00:00:00,2.76,1,1,18.61,2026-04-24T00:00:00,,,,,
MARA,2026-04-21T07:59:00.773862,static,0.1691,0.8875,0.15,,,,11.63,up,live,0,neutral,0.0,limited,,,,,,,,1.81,1,1,11.84,2026-04-22T00:00:00,0.09,1,1,11.64,2026-04-24T00:00:00,,,,,
SMCI,2026-04-21T07:59:00.773862,static,0.2282,0.8875,0.203,,,,28.81,up,live,0,neutral,0.0,limited,,,,,,,,1.28,1,1,29.18,2026-04-22T00:00:00,0.94,1,1,29.08,2026-04-24T00:00:00,,,,,
AMD,2026-04-21T07:59:00.773862,static,0.248,0.8875,0.22,,,,274.95,up,live,0,neutral,0.0,limited,,,,,,,,10.37,1,1,303.46,2026-04-22T00:00:00,26.5,1,1,347.81,2026-04-24T00:00:00,,,,,
PLTR,2026-04-21T07:59:00.773862,static,0.2616,0.8875,0.232,,,,145.89,up,live,0,neutral,0.0,limited,,,,,,,,4.61,1,1,152.62,2026-04-22T00:00:00,-1.92,0,0,143.09,2026-04-24T00:00:00,,,,,
TSLA,2026-04-21T07:59:00.773862,static,0.2653,0.8875,0.235,,,,392.5,up,live,0,neutral,0.0,limited,,,,,,,,-1.27,0,0,387.51,2026-04-22T00:00:00,-4.13,0,0,376.3,2026-04-24T00:00:00,,,,,
AMZN,2026-04-21T07:59:00.773862,static,0.2689,0.8875,0.239,,,,248.28,up,live,0,neutral,0.0,limited,,,,,,,,2.85,1,1,255.36,2026-04-22T00:00:00,6.33,1,1,263.99,2026-04-24T00:00:00,,,,,
COIN,2026-04-21T07:59:00.773862,static,0.2874,0.8875,0.255,,,,211.63,up,live,0,neutral,0.0,limited,,,,,,,,-2.55,0,0,206.24,2026-04-22T00:00:00,-5.6,0,0,199.77,2026-04-24T00:00:00,,,,,
NVDA,2026-04-21T07:59:00.773862,static,0.2935,0.8875,0.26,,,,202.06,up,live,0,neutral,0.0,limited,,,,,,,,0.22,1,1,202.5,2026-04-22T00:00:00,3.07,1,1,208.27,2026-04-24T00:00:00,,,,,
AVGO,2026-04-21T07:59:00.773862,static,0.3039,0.8875,0.27,,,,399.63,up,live,0,neutral,0.0,limited,,,,,,,,5.76,1,1,422.65,2026-04-22T00:00:00,5.79,1,1,422.76,2026-04-24T00:00:00,,,,,
AAPL,2026-04-21T07:59:00.773862,static,0.3044,0.8875,0.27,,,,273.05,up,live,0,neutral,0.0,limited,,,,,,,,0.04,1,1,273.17,2026-04-22T00:00:00,-0.73,0,0,271.06,2026-04-24T00:00:00,,,,,
GOOGL,2026-04-21T07:59:00.773862,static,0.3175,0.8875,0.282,,,,337.42,up,live,0,neutral,0.0,limited,,,,,,,,0.56,1,1,339.32,2026-04-22T00:00:00,2.07,1,1,344.4,2026-04-24T00:00:00,,,,,
MSFT,2026-04-21T07:59:00.773862,static,0.3351,0.8875,0.297,,,,418.07,up,live,0,neutral,0.0,limited,,,,,,,,3.55,1,1,432.92,2026-04-22T00:00:00,1.57,1,1,424.62,2026-04-24T00:00:00,,,,,
META,2026-04-21T07:59:00.773862,static,0.3411,0.8875,0.303,,,,670.91,up,live,0,neutral,0.0,limited,,,,,,,,0.57,1,1,674.72,2026-04-22T00:00:00,0.61,1,1,675.03,2026-04-24T00:00:00,,,,,
NASA,2026-04-19T09:59:33.354794,static,0.0681,0.8125,0.055,,,,29.14,up,live,0,neutral,0.0,limited,,,,,,,,6.9,1,1,31.15,2026-04-20T00:00:00,8.41,1,1,31.59,2026-04-22T00:00:00,,,,,
XLF,2026-04-19T09:59:33.354794,static,0.1033,0.8125,0.084,,,,52.43,up,live,0,neutral,0.0,limited,,,,,,,,0.38,1,1,52.63,2026-04-20T00:00:00,-0.42,0,0,52.21,2026-04-22T00:00:00,,,,,
SPY,2026-04-19T09:59:33.354794,static,0.1176,0.8125,0.096,,,,710.14,up,live,0,neutral,0.0,limited,,,,,,,,-0.2,0,0,708.72,2026-04-20T00:00:00,0.15,1,1,711.21,2026-04-22T00:00:00,,,,,
QQQ,2026-04-19T09:59:33.354794,static,0.125,0.8125,0.102,,,,648.85,up,live,0,neutral,0.0,limited,,,,,,,,-0.32,0,0,646.79,2026-04-20T00:00:00,0.96,1,1,655.11,2026-04-22T00:00:00,,,,,
IWM,2026-04-19T09:59:33.354794,static,0.1247,0.835,0.104,,,,265.07,up,live,0,neutral,0.0,limited,,,,,,,,4.63,1,1,277.35,2026-04-20T00:00:00,4.3,1,1,276.48,2026-04-22T00:00:00,,,,,
XLK,2026-04-19T09:59:33.354794,static,0.1448,0.835,0.121,,,,145.61,up,live,0,neutral,0.0,limited,,,,,,,,6.15,1,1,154.56,2026-04-20T00:00:00,8.57,1,1,158.09,2026-04-22T00:00:00,,,,,
MARA,2026-04-19T09:59:33.354794,static,0.1732,0.8875,0.154,,,,11.6,up,live,0,neutral,0.0,limited,,,,,,,,0.26,1,1,11.63,2026-04-20T00:00:00,2.07,1,1,11.84,2026-04-22T00:00:00,,,,,
AMD,2026-04-19T09:59:33.354794,static,0.2194,0.8875,0.195,,,,278.39,up,live,0,neutral,0.0,limited,,,,,,,,-1.24,0,0,274.95,2026-04-20T00:00:00,9.01,1,1,303.46,2026-04-22T00:00:00,,,,,
SMCI,2026-04-19T09:59:33.354794,static,0.2206,0.8875,0.196,,,,28.56,up,live,0,neutral,0.0,limited,,,,,,,,0.88,1,1,28.81,2026-04-20T00:00:00,2.17,1,1,29.18,2026-04-22T00:00:00,,,,,
AMZN,2026-04-19T09:59:33.354794,static,0.26,0.8875,0.231,,,,250.56,up,live,0,neutral,0.0,limited,,,,,,,,-0.91,0,0,248.28,2026-04-20T00:00:00,1.92,1,1,255.36,2026-04-22T00:00:00,,,,,
PLTR,2026-04-19T09:59:33.354794,static,0.3144,0.8875,0.279,,,,146.39,up,live,0,neutral,0.0,limited,,,,,,,,-0.34,0,0,145.89,2026-04-20T00:00:00,4.26,1,1,152.62,2026-04-22T00:00:00,,,,,
AVGO,2026-04-19T09:59:33.354794,static,0.3243,0.8875,0.288,,,,406.54,up,live,0,neutral,0.0,limited,,,,,,,,-1.7,0,0,399.63,2026-04-20T00:00:00,3.96,1,1,422.65,2026-04-22T00:00:00,,,,,
MSFT,2026-04-19T09:59:33.354794,static,0.3263,0.8875,0.29,,,,422.79,up,live,0,neutral,0.0,limited,,,,,,,,-1.12,0,0,418.07,2026-04-20T00:00:00,2.4,1,1,432.92,2026-04-22T00:00:00,,,,,
NVDA,2026-04-19T09:59:33.354794,static,0.3298,0.8875,0.293,,,,201.68,up,live,0,neutral,0.0,limited,,,,,,,,0.19,1,1,202.06,2026-04-20T00:00:00,0.41,1,1,202.5,2026-04-22T00:00:00,,,,,
META,2026-04-19T09:59:33.354794,static,0.332,0.8875,0.295,,,,688.55,up,live,0,neutral,0.0,limited,,,,,,,,-2.56,0,0,670.91,2026-04-20T00:00:00,-2.01,0,0,674.72,2026-04-22T00:00:00,,,,,
GOOGL,2026-04-19T09:59:33.354794,static,0.3359,0.8875,0.298,,,,341.68,up,live,0,neutral,0.0,limited,,,,,,,,-1.25,0,0,337.42,2026-04-20T00:00:00,-0.69,0,0,339.32,2026-04-22T00:00:00,,,,,
AAPL,2026-04-19T09:59:33.354794,static,0.3368,0.8875,0.299,,,,270.23,up,live,0,neutral,0.0,limited,,,,,,,,1.04,1,1,273.05,2026-04-20T00:00:00,1.09,1,1,273.17,2026-04-22T00:00:00,,,,,
XLE,2026-04-19T09:59:33.354794,static,0.1513,0.8125,0.123,,,,55.02,up,live,0,neutral,0.0,limited,,,,,,,,0.09,1,1,55.07,2026-04-20T00:00:00,2.76,1,1,56.54,2026-04-22T00:00:00,,,,,
RIOT,2026-04-19T09:59:33.354794,static,0.2852,0.8875,0.253,,,,18.11,up,live,0,neutral,0.0,limited,,,,,,,,0.0,0,0,18.11,2026-04-20T00:00:00,2.04,1,1,18.48,2026-04-22T00:00:00,,,,,
TSLA,2026-04-19T09:59:33.354794,static,0.2889,0.8875,0.256,,,,400.62,up,live,0,neutral,0.0,limited,,,,,,,,-2.03,0,0,392.5,2026-04-20T00:00:00,-3.27,0,0,387.51,2026-04-22T00:00:00,,,,,
COIN,2026-04-19T09:59:33.354794,static,0.3039,0.8875,0.27,,,,206.33,up,live,0,neutral,0.0,limited,,,,,,,,2.57,1,1,211.63,2026-04-20T00:00:00,-0.04,0,0,206.24,2026-04-22T00:00:00,,,,,
NASA,2026-04-17T09:40:37.659430,static,0.0681,0.8125,0.055,,,,29.14,up,live,0,neutral,0.0,limited,,,,,,,,6.9,1,1,31.15,2026-04-20T00:00:00,6.9,1,1,31.15,2026-04-20T00:00:00,1.2,1,1,29.49,2026-04-24T00:00:00
XLE,2026-04-17T09:40:37.659430,static,0.0697,0.835,0.058,,,,55.95,up,live,0,neutral,0.0,limited,,,,,,,,-1.57,0,0,55.07,2026-04-20T00:00:00,-1.57,0,0,55.07,2026-04-20T00:00:00,1.64,1,1,56.87,2026-04-24T00:00:00
SPY,2026-04-17T09:40:37.659430,static,0.0906,0.835,0.076,,,,701.66,up,live,0,neutral,0.0,limited,,,,,,,,1.01,1,1,708.72,2026-04-20T00:00:00,1.01,1,1,708.72,2026-04-20T00:00:00,1.75,1,1,713.94,2026-04-24T00:00:00
QQQ,2026-04-17T09:40:37.659430,static,0.1014,0.835,0.085,,,,640.47,up,live,0,neutral,0.0,limited,,,,,,,,0.99,1,1,646.79,2026-04-20T00:00:00,0.99,1,1,646.79,2026-04-20T00:00:00,3.66,1,1,663.88,2026-04-24T00:00:00
XLF,2026-04-17T09:40:37.659430,static,0.1277,0.835,0.107,,,,51.66,up,live,0,neutral,0.0,limited,,,,,,,,1.88,1,1,52.63,2026-04-20T00:00:00,1.88,1,1,52.63,2026-04-20T00:00:00,-0.46,0,0,51.42,2026-04-24T00:00:00
IWM,2026-04-17T09:40:37.659430,static,0.1247,0.85,0.106,,,,265.07,up,live,0,neutral,0.0,limited,,,,,,,,4.63,1,1,277.35,2026-04-20T00:00:00,4.63,1,1,277.35,2026-04-20T00:00:00,4.37,1,1,276.65,2026-04-24T00:00:00
XLK,2026-04-17T09:40:37.659430,static,0.1448,0.85,0.123,,,,145.61,up,live,0,neutral,0.0,limited,,,,,,,,6.15,1,1,154.56,2026-04-20T00:00:00,6.15,1,1,154.56,2026-04-20T00:00:00,10.03,1,1,160.22,2026-04-24T00:00:00
PLTR,2026-04-17T09:40:37.659430,static,0.187,0.91,0.17,,,,142.76,up,live,0,neutral,0.0,limited,,,,,,,,2.19,1,1,145.89,2026-04-20T00:00:00,2.19,1,1,145.89,2026-04-20T00:00:00,0.23,1,1,143.09,2026-04-24T00:00:00
TSLA,2026-04-17T09:40:37.659430,static,0.1978,0.91,0.18,,,,388.9,up,live,0,neutral,0.0,limited,,,,,,,,0.93,1,1,392.5,2026-04-20T00:00:00,0.93,1,1,392.5,2026-04-20T00:00:00,-3.24,0,0,376.3,2026-04-24T00:00:00
RIOT,2026-04-17T09:40:37.659430,static,0.2109,0.91,0.192,,,,16.92,up,live,0,neutral,0.0,limited,,,,,,,,7.03,1,1,18.11,2026-04-20T00:00:00,7.03,1,1,18.11,2026-04-20T00:00:00,9.99,1,1,18.61,2026-04-24T00:00:00
AMZN,2026-04-17T09:40:37.659430,static,0.2687,0.91,0.245,,,,249.7,up,live,0,neutral,0.0,limited,,,,,,,,-0.57,0,0,248.28,2026-04-20T00:00:00,-0.57,0,0,248.28,2026-04-20T00:00:00,5.72,1,1,263.99,2026-04-24T00:00:00
COIN,2026-04-17T09:40:37.659430,static,0.2737,0.91,0.249,,,,199.825,up,live,0,neutral,0.0,limited,,,,,,,,5.91,1,1,211.63,2026-04-20T00:00:00,5.91,1,1,211.63,2026-04-20T00:00:00,-0.03,0,0,199.77,2026-04-24T00:00:00
AVGO,2026-04-17T09:40:37.659430,static,0.2879,0.91,0.262,,,,398.47,up,live,0,neutral,0.0,limited,,,,,,,,0.29,1,1,399.63,2026-04-20T00:00:00,0.29,1,1,399.63,2026-04-20T00:00:00,6.1,1,1,422.76,2026-04-24T00:00:00
AAPL,2026-04-17T09:40:37.659430,static,0.2942,0.91,0.268,,,,263.4,up,live,0,neutral,0.0,limited,,,,,,,,3.66,1,1,273.05,2026-04-20T00:00:00,3.66,1,1,273.05,2026-04-20T00:00:00,2.91,1,1,271.06,2026-04-24T00:00:00
GOOGL,2026-04-17T09:40:37.659430,static,0.2969,0.91,0.27,,,,336.02,up,live,0,neutral,0.0,limited,,,,,,,,0.42,1,1,337.42,2026-04-20T00:00:00,0.42,1,1,337.42,2026-04-20T00:00:00,2.49,1,1,344.4,2026-04-24T00:00:00
NVDA,2026-04-17T09:40:37.659430,static,0.2985,0.91,0.272,,,,198.35,up,live,0,neutral,0.0,limited,,,,,,,,1.87,1,1,202.06,2026-04-20T00:00:00,1.87,1,1,202.06,2026-04-20T00:00:00,5.0,1,1,208.27,2026-04-24T00:00:00
META,2026-04-17T09:40:37.659430,static,0.3046,0.91,0.277,,,,676.87,up,live,0,neutral,0.0,limited,,,,,,,,-0.88,0,0,670.91,2026-04-20T00:00:00,-0.88,0,0,670.91,2026-04-20T00:00:00,-0.27,0,0,675.03,2026-04-24T00:00:00
MSFT,2026-04-17T09:40:37.659430,static,0.3647,0.91,0.332,,,,420.26,up,live,0,neutral,0.0,limited,,,,,,,,-0.52,0,0,418.07,2026-04-20T00:00:00,-0.52,0,0,418.07,2026-04-20T00:00:00,1.04,1,1,424.62,2026-04-24T00:00:00
SMCI,2026-04-17T09:40:37.659430,static,0.2673,0.91,0.243,,,,28.4,up,live,0,neutral,0.0,limited,,,,,,,,1.44,1,1,28.81,2026-04-20T00:00:00,1.44,1,1,28.81,2026-04-20T00:00:00,2.39,1,1,29.08,2026-04-24T00:00:00
MARA,2026-04-17T09:40:37.659430,static,0.2828,0.91,0.257,,,,11.55,up,live,0,neutral,0.0,limited,,,,,,,,0.69,1,1,11.63,2026-04-20T00:00:00,0.69,1,1,11.63,2026-04-20T00:00:00,0.78,1,1,11.64,2026-04-24T00:00:00
AMD,2026-04-17T09:40:37.659430,static,0.4133,0.91,0.376,,,,278.26,up,live,0,neutral,0.0,limited,,,,,,,,-1.19,0,0,274.95,2026-04-20T00:00:00,-1.19,0,0,274.95,2026-04-20T00:00:00,24.99,1,1,347.81,2026-04-24T00:00:00
IWM,2026-04-16T09:39:14.288622,static,0.1247,0.7825,0.098,,,,265.07,up,live,0,neutral,0.0,limited,,,,,,,,4.04,1,1,275.78,2026-04-17T00:00:00,4.63,1,1,277.35,2026-04-20T00:00:00,3.94,1,1,275.52,2026-04-23T00:00:00
XLK,2026-04-16T09:39:14.288622,static,0.1448,0.7825,0.113,,,,145.61,up,live,0,neutral,0.0,limited,,,,,,,,6.0,1,1,154.35,2026-04-17T00:00:00,6.15,1,1,154.56,2026-04-20T00:00:00,7.03,1,1,155.84,2026-04-23T00:00:00
NASA,2026-04-16T09:39:14.288622,static,0.0681,0.835,0.057,,,,29.14,up,live,0,neutral,0.0,limited,,,,,,,,5.87,1,1,30.85,2026-04-17T00:00:00,6.9,1,1,31.15,2026-04-20T00:00:00,4.36,1,1,30.41,2026-04-23T00:00:00
XLE,2026-04-16T09:39:14.288622,static,0.0697,0.85,0.059,,,,55.95,up,live,0,neutral,0.0,limited,,,,,,,,-1.66,0,0,55.02,2026-04-17T00:00:00,-1.57,0,0,55.07,2026-04-20T00:00:00,1.84,1,1,56.98,2026-04-23T00:00:00
SPY,2026-04-16T09:39:14.288622,static,0.1203,0.85,0.102,,,,694.46,up,live,0,neutral,0.0,limited,,,,,,,,2.26,1,1,710.14,2026-04-17T00:00:00,2.05,1,1,708.72,2026-04-20T00:00:00,2.01,1,1,708.45,2026-04-23T00:00:00
XLF,2026-04-16T09:39:14.288622,static,0.1277,0.85,0.109,,,,51.66,up,live,0,neutral,0.0,limited,,,,,,,,1.49,1,1,52.43,2026-04-17T00:00:00,1.88,1,1,52.63,2026-04-20T00:00:00,0.27,1,1,51.8,2026-04-23T00:00:00
QQQ,2026-04-16T09:39:14.288622,static,0.1391,0.85,0.118,,,,628.6,up,live,0,neutral,0.0,limited,,,,,,,,3.22,1,1,648.85,2026-04-17T00:00:00,2.89,1,1,646.79,2026-04-20T00:00:00,3.63,1,1,651.42,2026-04-23T00:00:00
MARA,2026-04-16T09:39:14.288622,static,0.1929,0.925,0.178,,,,10.49,up,live,0,neutral,0.0,limited,,,,,,,,10.58,1,1,11.6,2026-04-17T00:00:00,10.87,1,1,11.63,2026-04-20T00:00:00,12.49,1,1,11.8,2026-04-23T00:00:00
AAPL,2026-04-16T09:39:14.288622,static,0.2356,0.925,0.218,,,,258.83,up,live,0,neutral,0.0,limited,,,,,,,,4.4,1,1,270.23,2026-04-17T00:00:00,5.49,1,1,273.05,2026-04-20T00:00:00,5.64,1,1,273.43,2026-04-23T00:00:00
PLTR,2026-04-16T09:39:14.288622,static,0.2377,0.925,0.22,,,,135.7,up,live,0,neutral,0.0,limited,,,,,,,,7.88,1,1,146.39,2026-04-17T00:00:00,7.51,1,1,145.89,2026-04-20T00:00:00,4.33,1,1,141.57,2026-04-23T00:00:00
AVGO,2026-04-16T09:39:14.288622,static,0.2838,0.925,0.263,,,,380.78,up,live,0,neutral,0.0,limited,,,,,,,,6.77,1,1,406.54,2026-04-17T00:00:00,4.95,1,1,399.63,2026-04-20T00:00:00,10.28,1,1,419.94,2026-04-23T00:00:00
MSFT,2026-04-16T09:39:14.288622,static,0.3531,0.925,0.327,,,,393.11,up,live,0,neutral,0.0,limited,,,,,,,,7.55,1,1,422.79,2026-04-17T00:00:00,6.35,1,1,418.07,2026-04-20T00:00:00,5.76,1,1,415.75,2026-04-23T00:00:00
TSLA,2026-04-16T09:39:14.288622,static,0.207,0.925,0.191,,,,364.2,up,live,0,neutral,0.0,limited,,,,,,,,10.0,1,1,400.62,2026-04-17T00:00:00,7.77,1,1,392.5,2026-04-20T00:00:00,2.61,1,1,373.72,2026-04-23T00:00:00
RIOT,2026-04-16T09:39:14.288622,static,0.2716,0.925,0.251,,,,18.12,up,live,0,neutral,0.0,limited,,,,,,,,-0.06,0,0,18.11,2026-04-17T00:00:00,-0.06,0,0,18.11,2026-04-20T00:00:00,0.5,1,1,18.21,2026-04-23T00:00:00
SMCI,2026-04-16T09:39:14.288622,static,0.2834,0.925,0.262,,,,27.2,up,live,0,neutral,0.0,limited,,,,,,,,5.0,1,1,28.56,2026-04-17T00:00:00,5.92,1,1,28.81,2026-04-20T00:00:00,-1.65,0,0,26.75,2026-04-23T00:00:00
AMD,2026-04-16T09:39:14.288622,static,0.2984,0.925,0.276,,,,255.07,up,live,0,neutral,0.0,limited,,,,,,,,9.14,1,1,278.39,2026-04-17T00:00:00,7.79,1,1,274.95,2026-04-20T00:00:00,19.7,1,1,305.33,2026-04-23T00:00:00
COIN,2026-04-16T09:39:14.288622,static,0.3315,0.925,0.307,,,,184.41,up,live,0,neutral,0.0,limited,,,,,,,,11.89,1,1,206.33,2026-04-17T00:00:00,14.76,1,1,211.63,2026-04-20T00:00:00,7.33,1,1,197.93,2026-04-23T00:00:00
GOOGL,2026-04-16T09:39:14.288622,static,0.3861,0.925,0.357,,,,332.91,up,live,0,neutral,0.0,limited,,,,,,,,2.63,1,1,341.68,2026-04-17T00:00:00,1.35,1,1,337.42,2026-04-20T00:00:00,1.8,1,1,338.89,2026-04-23T00:00:00
NVDA,2026-04-16T09:39:14.288622,static,0.39,0.925,0.361,,,,196.51,up,live,0,neutral,0.0,limited,,,,,,,,2.63,1,1,201.68,2026-04-17T00:00:00,2.82,1,1,202.06,2026-04-20T00:00:00,1.59,1,1,199.64,2026-04-23T00:00:00
META,2026-04-16T09:39:14.288622,static,0.3983,0.925,0.368,,,,662.49,up,live,0,neutral,0.0,limited,,,,,,,,3.93,1,1,688.55,2026-04-17T00:00:00,1.27,1,1,670.91,2026-04-20T00:00:00,-0.5,0,0,659.15,2026-04-23T00:00:00
AMZN,2026-04-16T09:39:14.288622,static,0.433,0.925,0.401,,,,249.02,up,live,0,neutral,0.0,limited,,,,,,,,0.62,1,1,250.56,2026-04-17T00:00:00,-0.3,0,0,248.28,2026-04-20T00:00:00,2.43,1,1,255.08,2026-04-23T00:00:00
XLE,2026-04-15T07:33:44.494101,static,0.0697,0.8125,0.057,,,,55.95,up,live,0,neutral,0.0,limited,,,,,,,,1.13,1,1,56.58,2026-04-16T00:00:00,-1.57,0,0,55.07,2026-04-20T00:00:00,1.05,1,1,56.54,2026-04-22T00:00:00
NASA,2026-04-15T07:33:44.494101,static,0.0681,0.835,0.057,,,,29.14,up,live,0,neutral,0.0,limited,,,,,,,,7.31,1,1,31.27,2026-04-16T00:00:00,6.9,1,1,31.15,2026-04-20T00:00:00,8.41,1,1,31.59,2026-04-22T00:00:00
SPY,2026-04-15T07:33:44.494101,static,0.1203,0.8125,0.098,,,,694.46,up,live,0,neutral,0.0,limited,,,,,,,,1.04,1,1,701.66,2026-04-16T00:00:00,2.05,1,1,708.72,2026-04-20T00:00:00,2.41,1,1,711.21,2026-04-22T00:00:00
IWM,2026-04-15T07:33:44.494101,static,0.1247,0.8125,0.101,,,,265.07,up,live,0,neutral,0.0,limited,,,,,,,,1.84,1,1,269.95,2026-04-16T00:00:00,4.63,1,1,277.35,2026-04-20T00:00:00,4.3,1,1,276.48,2026-04-22T00:00:00
XLF,2026-04-15T07:33:44.494101,static,0.1277,0.8125,0.104,,,,51.66,up,live,0,neutral,0.0,limited,,,,,,,,0.72,1,1,52.03,2026-04-16T00:00:00,1.88,1,1,52.63,2026-04-20T00:00:00,1.06,1,1,52.21,2026-04-22T00:00:00
QQQ,2026-04-15T07:33:44.494101,static,0.1391,0.8125,0.113,,,,628.6,up,live,0,neutral,0.0,limited,,,,,,,,1.89,1,1,640.47,2026-04-16T00:00:00,2.89,1,1,646.79,2026-04-20T00:00:00,4.22,1,1,655.11,2026-04-22T00:00:00
XLK,2026-04-15T07:33:44.494101,static,0.1448,0.8125,0.118,,,,145.61,up,live,0,neutral,0.0,limited,,,,,,,,4.4,1,1,152.02,2026-04-16T00:00:00,6.15,1,1,154.56,2026-04-20T00:00:00,8.57,1,1,158.09,2026-04-22T00:00:00
MARA,2026-04-15T07:33:44.494101,static,0.1914,0.8875,0.17,,,,10.49,up,live,0,neutral,0.0,limited,,,,,,,,10.1,1,1,11.55,2026-04-16T00:00:00,10.87,1,1,11.63,2026-04-20T00:00:00,12.87,1,1,11.84,2026-04-22T00:00:00
AAPL,2026-04-15T07:33:44.494101,static,0.2356,0.8875,0.209,,,,258.83,up,live,0,neutral,0.0,limited,,,,,,,,1.77,1,1,263.4,2026-04-16T00:00:00,5.49,1,1,273.05,2026-04-20T00:00:00,5.54,1,1,273.17,2026-04-22T00:00:00
PLTR,2026-04-15T07:33:44.494101,static,0.2382,0.8875,0.211,,,,135.7,up,live,0,neutral,0.0,limited,,,,,,,,5.2,1,1,142.76,2026-04-16T00:00:00,7.51,1,1,145.89,2026-04-20T00:00:00,12.47,1,1,152.62,2026-04-22T00:00:00
AVGO,2026-04-15T07:33:44.494101,static,0.2822,0.8875,0.25,,,,380.78,up,live,0,neutral,0.0,limited,,,,,,,,4.65,1,1,398.47,2026-04-16T00:00:00,4.95,1,1,399.63,2026-04-20T00:00:00,11.0,1,1,422.65,2026-04-22T00:00:00
MSFT,2026-04-15T07:33:44.494101,static,0.3522,0.8875,0.313,,,,393.11,up,live,0,neutral,0.0,limited,,,,,,,,6.91,1,1,420.26,2026-04-16T00:00:00,6.35,1,1,418.07,2026-04-20T00:00:00,10.13,1,1,432.92,2026-04-22T00:00:00
TSLA,2026-04-15T07:33:44.494101,static,0.2058,0.8875,0.183,,,,364.2,up,live,0,neutral,0.0,limited,,,,,,,,6.78,1,1,388.9,2026-04-16T00:00:00,7.77,1,1,392.5,2026-04-20T00:00:00,6.4,1,1,387.51,2026-04-22T00:00:00
RIOT,2026-04-15T07:33:44.494101,static,0.2693,0.8875,0.239,,,,18.12,up,live,0,neutral,0.0,limited,,,,,,,,-6.62,0,0,16.92,2026-04-16T00:00:00,-0.06,0,0,18.11,2026-04-20T00:00:00,1.99,1,1,18.48,2026-04-22T00:00:00
SMCI,2026-04-15T07:33:44.494101,static,0.2817,0.8875,0.25,,,,27.2,up,live,0,neutral,0.0,limited,,,,,,,,4.41,1,1,28.4,2026-04-16T00:00:00,5.92,1,1,28.81,2026-04-20T00:00:00,7.28,1,1,29.18,2026-04-22T00:00:00
AMD,2026-04-15T07:33:44.494101,static,0.297,0.8875,0.264,,,,255.07,up,live,0,neutral,0.0,limited,,,,,,,,9.09,1,1,278.26,2026-04-16T00:00:00,7.79,1,1,274.95,2026-04-20T00:00:00,18.97,1,1,303.46,2026-04-22T00:00:00
COIN,2026-04-15T07:33:44.494101,static,0.3315,0.8875,0.294,,,,184.41,up,live,0,neutral,0.0,limited,,,,,,,,8.36,1,1,199.825,2026-04-16T00:00:00,14.76,1,1,211.63,2026-04-20T00:00:00,11.84,1,1,206.24,2026-04-22T00:00:00
GOOGL,2026-04-15T07:33:44.494101,static,0.3861,0.8875,0.343,,,,332.91,up,live,0,neutral,0.0,limited,,,,,,,,0.93,1,1,336.02,2026-04-16T00:00:00,1.35,1,1,337.42,2026-04-20T00:00:00,1.93,1,1,339.32,2026-04-22T00:00:00
NVDA,2026-04-15T07:33:44.494101,static,0.39,0.8875,0.346,,,,196.51,up,live,0,neutral,0.0,limited,,,,,,,,0.94,1,1,198.35,2026-04-16T00:00:00,2.82,1,1,202.06,2026-04-20T00:00:00,3.05,1,1,202.5,2026-04-22T00:00:00
META,2026-04-15T07:33:44.494101,static,0.3969,0.8875,0.352,,,,662.49,up,live,0,neutral,0.0,limited,,,,,,,,2.17,1,1,676.87,2026-04-16T00:00:00,1.27,1,1,670.91,2026-04-20T00:00:00,1.85,1,1,674.72,2026-04-22T00:00:00
AMZN,2026-04-15T07:33:44.494101,static,0.4316,0.8875,0.383,,,,249.02,up,live,0,neutral,0.0,limited,,,,,,,,0.27,1,1,249.7,2026-04-16T00:00:00,-0.3,0,0,248.28,2026-04-20T00:00:00,2.55,1,1,255.36,2026-04-22T00:00:00
